Country,Measurement,Score,,,,,,,,,,,,,,,,,,,,,,Country,Measurement,Score
Afghanistan,Business Freedom,49.2,,,,,,,,,,,,,,,,,,,,,,Afghanistan,Business Freedom,49.2
Albania,Business Freedom,69.3,,,,,,,,,,,,,,,,,,,,,,Albania,Labor Freedom,60.4
Algeria,Business Freedom,61.6,,,,,,,,,,,,,,,,,,,,,,Algeria,Monetary Freedom,76.7
Angola,Business Freedom,55.7,,,,,,,,,,,,,,,,,,,,,,Angola,Trade Freedom,66
Argentina,Business Freedom,56.4,,,,,,,,,,,,,,,,,,,,,,Argentina,Business Freedom,
Armenia,Business Freedom,78.3,,,,,,,,,,,,,,,,,,,,,,Armenia,Labor Freedom,
Australia,Business Freedom,88.3,,,,,,,,,,,,,,,,,,,,,,Australia,Monetary Freedom,
Austria,Business Freedom,74.9,,,,,,,,,,,,,,,,,,,,,,Austria,Trade Freedom,
Azerbaijan,Business Freedom,69.5,,,,,,,,,,,,,,,,,,,,,,,,
Bahamas,Business Freedom,68.5,,,,,,,,,,,,,,,,,,,,,,,,
Bahrain,Business Freedom,71.4,,,,,,,,,,,,,,,,,,,,,,,,
Bangladesh,Business Freedom,50.9,,,,,,,,,,,,,,,,,,,,,,,,
Barbados,Business Freedom,69.8,,,,,,,,,,,,,,,,,,,,,,,,
Belarus,Business Freedom,75,,,,,,,,,,,,,,,,,,,,,,,,
Belgium,Business Freedom,78.1,,,,,,,,,,,,,,,,,,,,,,,,
Belize,Business Freedom,61.8,,,,,,,,,,,,,,,,,,,,,,,,
Benin,Business Freedom,62.4,,,,,,,,,,,,,,,,,,,,,,,,
Bhutan,Business Freedom,68.7,,,,,,,,,,,,,,,,,,,,,,,,
Bolivia,Business Freedom,58.8,,,,,,,,,,,,,,,,,,,,,,,,
Bosnia and Herzegovina,Business Freedom,49.7,,,,,,,,,,,,,,,,,,,,,,,,
Botswana,Business Freedom,68.7,,,,,,,,,,,,,,,,,,,,,,,,
Brazil,Business Freedom,57.9,,,,,,,,,,,,,,,,,,,,,,,,
Bulgaria,Business Freedom,62.7,,,,,,,,,,,,,,,,,,,,,,,,
Burkina Faso,Business Freedom,51.6,,,,,,,,,,,,,,,,,,,,,,,,
Burma,Business Freedom,52.8,,,,,,,,,,,,,,,,,,,,,,,,
Burundi,Business Freedom,50.3,,,,,,,,,,,,,,,,,,,,,,,,
Cambodia,Business Freedom,29.9,,,,,,,,,,,,,,,,,,,,,,,,
Cameroon,Business Freedom,44.4,,,,,,,,,,,,,,,,,,,,,,,,
Canada,Business Freedom,81.9,,,,,,,,,,,,,,,,,,,,,,,,
Cabo Verde,Business Freedom,65.2,,,,,,,,,,,,,,,,,,,,,,,,
Central African Republic,Business Freedom,24.2,,,,,,,,,,,,,,,,,,,,,,,,
Chad,Business Freedom,28.1,,,,,,,,,,,,,,,,,,,,,,,,
Chile,Business Freedom,76.6,,,,,,,,,,,,,,,,,,,,,,,,
China,Business Freedom,56.2,,,,,,,,,,,,,,,,,,,,,,,,
Colombia,Business Freedom,71.4,,,,,,,,,,,,,,,,,,,,,,,,
Comoros,Business Freedom,57.2,,,,,,,,,,,,,,,,,,,,,,,,
"Congo, Democratic Republic of the Congo",Business Freedom,53.2,,,,,,,,,,,,,,,,,,,,,,,,
"Congo, Republic of",Business Freedom,38.2,,,,,,,,,,,,,,,,,,,,,,,,
Costa Rica,Business Freedom,67.2,,,,,,,,,,,,,,,,,,,,,,,,
Côte d'Ivoire,Business Freedom,61,,,,,,,,,,,,,,,,,,,,,,,,
Croatia,Business Freedom,60.7,,,,,,,,,,,,,,,,,,,,,,,,
Cuba,Business Freedom,20,,,,,,,,,,,,,,,,,,,,,,,,
Cyprus,Business Freedom,76.9,,,,,,,,,,,,,,,,,,,,,,,,
Czech Republic,Business Freedom,72.4,,,,,,,,,,,,,,,,,,,,,,,,
Denmark,Business Freedom,90.7,,,,,,,,,,,,,,,,,,,,,,,,
Djibouti,Business Freedom,54.7,,,,,,,,,,,,,,,,,,,,,,,,
Dominica,Business Freedom,70.7,,,,,,,,,,,,,,,,,,,,,,,,
Dominican Republic,Business Freedom,51.9,,,,,,,,,,,,,,,,,,,,,,,,
Ecuador,Business Freedom,54.1,,,,,,,,,,,,,,,,,,,,,,,,
Egypt,Business Freedom,65.9,,,,,,,,,,,,,,,,,,,,,,,,
El Salvador,Business Freedom,57.2,,,,,,,,,,,,,,,,,,,,,,,,
Equatorial Guinea,Business Freedom,37.6,,,,,,,,,,,,,,,,,,,,,,,,
Eritrea,Business Freedom,17.7,,,,,,,,,,,,,,,,,,,,,,,,
Estonia,Business Freedom,75.3,,,,,,,,,,,,,,,,,,,,,,,,
Ethiopia,Business Freedom,48.6,,,,,,,,,,,,,,,,,,,,,,,,
Fiji,Business Freedom,63,,,,,,,,,,,,,,,,,,,,,,,,
Finland,Business Freedom,89.4,,,,,,,,,,,,,,,,,,,,,,,,
France,Business Freedom,81.2,,,,,,,,,,,,,,,,,,,,,,,,
Gabon,Business Freedom,52.1,,,,,,,,,,,,,,,,,,,,,,,,
Gambia,Business Freedom,54,,,,,,,,,,,,,,,,,,,,,,,,
Georgia,Business Freedom,85.8,,,,,,,,,,,,,,,,,,,,,,,,
Germany,Business Freedom,83.3,,,,,,,,,,,,,,,,,,,,,,,,
Ghana,Business Freedom,56.5,,,,,,,,,,,,,,,,,,,,,,,,
Greece,Business Freedom,74.1,,,,,,,,,,,,,,,,,,,,,,,,
Guatemala,Business Freedom,53.6,,,,,,,,,,,,,,,,,,,,,,,,
Guinea,Business Freedom,54.6,,,,,,,,,,,,,,,,,,,,,,,,
Guinea-Bissau,Business Freedom,35.9,,,,,,,,,,,,,,,,,,,,,,,,
Guyana,Business Freedom,59.3,,,,,,,,,,,,,,,,,,,,,,,,
Haiti,Business Freedom,36.2,,,,,,,,,,,,,,,,,,,,,,,,
Honduras,Business Freedom,56.9,,,,,,,,,,,,,,,,,,,,,,,,
Hong Kong,Business Freedom,96.4,,,,,,,,,,,,,,,,,,,,,,,,
Hungary,Business Freedom,61.1,,,,,,,,,,,,,,,,,,,,,,,,
Iceland,Business Freedom,88.4,,,,,,,,,,,,,,,,,,,,,,,,
India,Business Freedom,57.1,,,,,,,,,,,,,,,,,,,,,,,,
Indonesia,Business Freedom,69.3,,,,,,,,,,,,,,,,,,,,,,,,
Iran,Business Freedom,62.2,,,,,,,,,,,,,,,,,,,,,,,,
Iraq,Business Freedom,54.4,,,,,,,,,,,,,,,,,,,,,,,,
Ireland,Business Freedom,83.1,,,,,,,,,,,,,,,,,,,,,,,,
Israel,Business Freedom,71.4,,,,,,,,,,,,,,,,,,,,,,,,
Italy,Business Freedom,71.7,,,,,,,,,,,,,,,,,,,,,,,,
Jamaica,Business Freedom,78,,,,,,,,,,,,,,,,,,,,,,,,
Japan,Business Freedom,80.5,,,,,,,,,,,,,,,,,,,,,,,,
Jordan,Business Freedom,61.8,,,,,,,,,,,,,,,,,,,,,,,,
Kazakhstan,Business Freedom,73.9,,,,,,,,,,,,,,,,,,,,,,,,
Kenya,Business Freedom,55.8,,,,,,,,,,,,,,,,,,,,,,,,
Kiribati,Business Freedom,41.9,,,,,,,,,,,,,,,,,,,,,,,,
"Korea, North ",Business Freedom,5,,,,,,,,,,,,,,,,,,,,,,,,
"Korea, South",Business Freedom,91.3,,,,,,,,,,,,,,,,,,,,,,,,
Kuwait,Business Freedom,57.4,,,,,,,,,,,,,,,,,,,,,,,,
Kyrgyz Republic,Business Freedom,73.4,,,,,,,,,,,,,,,,,,,,,,,,
Laos,Business Freedom,60.1,,,,,,,,,,,,,,,,,,,,,,,,
Latvia,Business Freedom,77.5,,,,,,,,,,,,,,,,,,,,,,,,
Lebanon,Business Freedom,47.9,,,,,,,,,,,,,,,,,,,,,,,,
Lesotho,Business Freedom,53.3,,,,,,,,,,,,,,,,,,,,,,,,
Liberia,Business Freedom,50.6,,,,,,,,,,,,,,,,,,,,,,,,
Libya,Business Freedom,40.2,,,,,,,,,,,,,,,,,,,,,,,,
Lithuania,Business Freedom,75.2,,,,,,,,,,,,,,,,,,,,,,,,
Luxembourg,Business Freedom,68.8,,,,,,,,,,,,,,,,,,,,,,,,
Macau,Business Freedom,60,,,,,,,,,,,,,,,,,,,,,,,,
Macedonia,Business Freedom,80.2,,,,,,,,,,,,,,,,,,,,,,,,
Madagascar,Business Freedom,47.3,,,,,,,,,,,,,,,,,,,,,,,,
Malawi,Business Freedom,41.7,,,,,,,,,,,,,,,,,,,,,,,,
Malaysia,Business Freedom,83.9,,,,,,,,,,,,,,,,,,,,,,,,
Maldives,Business Freedom,78.3,,,,,,,,,,,,,,,,,,,,,,,,
Mali,Business Freedom,53.8,,,,,,,,,,,,,,,,,,,,,,,,
Malta,Business Freedom,67.1,,,,,,,,,,,,,,,,,,,,,,,,
Mauritania,Business Freedom,61.9,,,,,,,,,,,,,,,,,,,,,,,,
Mauritius,Business Freedom,79.8,,,,,,,,,,,,,,,,,,,,,,,,
Mexico,Business Freedom,67.8,,,,,,,,,,,,,,,,,,,,,,,,
Micronesia,Business Freedom,57.4,,,,,,,,,,,,,,,,,,,,,,,,
Moldova,Business Freedom,67,,,,,,,,,,,,,,,,,,,,,,,,
Mongolia,Business Freedom,66,,,,,,,,,,,,,,,,,,,,,,,,
Montenegro,Business Freedom,73.3,,,,,,,,,,,,,,,,,,,,,,,,
Morocco,Business Freedom,70.3,,,,,,,,,,,,,,,,,,,,,,,,
Mozambique,Business Freedom,57.1,,,,,,,,,,,,,,,,,,,,,,,,
Namibia,Business Freedom,65.8,,,,,,,,,,,,,,,,,,,,,,,,
Nepal,Business Freedom,61.8,,,,,,,,,,,,,,,,,,,,,,,,
Netherlands,Business Freedom,81.4,,,,,,,,,,,,,,,,,,,,,,,,
New Zealand,Business Freedom,91,,,,,,,,,,,,,,,,,,,,,,,,
Nicaragua,Business Freedom,56,,,,,,,,,,,,,,,,,,,,,,,,
Niger,Business Freedom,56.3,,,,,,,,,,,,,,,,,,,,,,,,
Nigeria,Business Freedom,51.2,,,,,,,,,,,,,,,,,,,,,,,,
Norway,Business Freedom,89.4,,,,,,,,,,,,,,,,,,,,,,,,
Oman,Business Freedom,75.2,,,,,,,,,,,,,,,,,,,,,,,,
Pakistan,Business Freedom,56.1,,,,,,,,,,,,,,,,,,,,,,,,
Panama,Business Freedom,73.6,,,,,,,,,,,,,,,,,,,,,,,,
Papua New Guinea,Business Freedom,62.2,,,,,,,,,,,,,,,,,,,,,,,,
Paraguay,Business Freedom,61.5,,,,,,,,,,,,,,,,,,,,,,,,
Peru,Business Freedom,67.8,,,,,,,,,,,,,,,,,,,,,,,,
Philippines,Business Freedom,61.3,,,,,,,,,,,,,,,,,,,,,,,,
Poland,Business Freedom,65.4,,,,,,,,,,,,,,,,,,,,,,,,
Portugal,Business Freedom,79.7,,,,,,,,,,,,,,,,,,,,,,,,
Qatar,Business Freedom,71.2,,,,,,,,,,,,,,,,,,,,,,,,
Romania,Business Freedom,63.1,,,,,,,,,,,,,,,,,,,,,,,,
Russia,Business Freedom,78.4,,,,,,,,,,,,,,,,,,,,,,,,
Rwanda,Business Freedom,56.2,,,,,,,,,,,,,,,,,,,,,,,,
Saint Lucia,Business Freedom,76.3,,,,,,,,,,,,,,,,,,,,,,,,
Saint Vincent and the Grenadines,Business Freedom,76.5,,,,,,,,,,,,,,,,,,,,,,,,
Samoa,Business Freedom,77,,,,,,,,,,,,,,,,,,,,,,,,
São Tomé and Príncipe,Business Freedom,65.1,,,,,,,,,,,,,,,,,,,,,,,,
Saudi Arabia,Business Freedom,72.3,,,,,,,,,,,,,,,,,,,,,,,,
Senegal,Business Freedom,53.3,,,,,,,,,,,,,,,,,,,,,,,,
Serbia,Business Freedom,72.9,,,,,,,,,,,,,,,,,,,,,,,,
Seychelles,Business Freedom,63.3,,,,,,,,,,,,,,,,,,,,,,,,
Sierra Leone,Business Freedom,44.9,,,,,,,,,,,,,,,,,,,,,,,,
Singapore,Business Freedom,90.8,,,,,,,,,,,,,,,,,,,,,,,,
Slovakia,Business Freedom,61.3,,,,,,,,,,,,,,,,,,,,,,,,
Slovenia,Business Freedom,79.3,,,,,,,,,,,,,,,,,,,,,,,,
Solomon Islands,Business Freedom,68.6,,,,,,,,,,,,,,,,,,,,,,,,
South Africa,Business Freedom,64.3,,,,,,,,,,,,,,,,,,,,,,,,
Spain,Business Freedom,66.8,,,,,,,,,,,,,,,,,,,,,,,,
Sri Lanka,Business Freedom,75.1,,,,,,,,,,,,,,,,,,,,,,,,
Sudan,Business Freedom,52.1,,,,,,,,,,,,,,,,,,,,,,,,
Suriname,Business Freedom,48.3,,,,,,,,,,,,,,,,,,,,,,,,
Eswatini,Business Freedom,59.2,,,,,,,,,,,,,,,,,,,,,,,,
Sweden,Business Freedom,88,,,,,,,,,,,,,,,,,,,,,,,,
Switzerland,Business Freedom,75.4,,,,,,,,,,,,,,,,,,,,,,,,
Taiwan ,Business Freedom,93.2,,,,,,,,,,,,,,,,,,,,,,,,
Tajikistan,Business Freedom,67.3,,,,,,,,,,,,,,,,,,,,,,,,
Tanzania,Business Freedom,46.6,,,,,,,,,,,,,,,,,,,,,,,,
Thailand,Business Freedom,82.5,,,,,,,,,,,,,,,,,,,,,,,,
Timor-Leste,Business Freedom,60.5,,,,,,,,,,,,,,,,,,,,,,,,
Togo,Business Freedom,50.4,,,,,,,,,,,,,,,,,,,,,,,,
Tonga,Business Freedom,75.3,,,,,,,,,,,,,,,,,,,,,,,,
Trinidad and Tobago,Business Freedom,67.8,,,,,,,,,,,,,,,,,,,,,,,,
Tunisia,Business Freedom,76.7,,,,,,,,,,,,,,,,,,,,,,,,
Turkey,Business Freedom,66,,,,,,,,,,,,,,,,,,,,,,,,
Turkmenistan,Business Freedom,30,,,,,,,,,,,,,,,,,,,,,,,,
Uganda,Business Freedom,46.3,,,,,,,,,,,,,,,,,,,,,,,,
Ukraine,Business Freedom,66.1,,,,,,,,,,,,,,,,,,,,,,,,
United Arab Emirates,Business Freedom,79.9,,,,,,,,,,,,,,,,,,,,,,,,
United Kingdom,Business Freedom,92.9,,,,,,,,,,,,,,,,,,,,,,,,
United States,Business Freedom,83.8,,,,,,,,,,,,,,,,,,,,,,,,
Uruguay,Business Freedom,74.3,,,,,,,,,,,,,,,,,,,,,,,,
Uzbekistan,Business Freedom,72.5,,,,,,,,,,,,,,,,,,,,,,,,
Vanuatu,Business Freedom,52.4,,,,,,,,,,,,,,,,,,,,,,,,
Venezuela,Business Freedom,33.9,,,,,,,,,,,,,,,,,,,,,,,,
Vietnam,Business Freedom,63.5,,,,,,,,,,,,,,,,,,,,,,,,
Yemen,Business Freedom,45.1,,,,,,,,,,,,,,,,,,,,,,,,
Zambia,Business Freedom,71.1,,,,,,,,,,,,,,,,,,,,,,,,
Zimbabwe,Business Freedom,33.4,,,,,,,,,,,,,,,,,,,,,,,,
Kosovo,Business Freedom,73.8,,,,,,,,,,,,,,,,,,,,,,,,
Brunei Darussalam,Business Freedom,80.2,,,,,,,,,,,,,,,,,,,,,,,,
Afghanistan,Labor Freedom,60.4,,,,,,,,,,,,,,,,,,,,,,,,
Albania,Labor Freedom,52.7,,,,,,,,,,,,,,,,,,,,,,,,
Algeria,Labor Freedom,49.9,,,,,,,,,,,,,,,,,,,,,,,,
Angola,Labor Freedom,58.8,,,,,,,,,,,,,,,,,,,,,,,,
Argentina,Labor Freedom,46.9,,,,,,,,,,,,,,,,,,,,,,,,
Armenia,Labor Freedom,71.4,,,,,,,,,,,,,,,,,,,,,,,,
Australia,Labor Freedom,84.1,,,,,,,,,,,,,,,,,,,,,,,,
Austria,Labor Freedom,68.7,,,,,,,,,,,,,,,,,,,,,,,,
Azerbaijan,Labor Freedom,63.9,,,,,,,,,,,,,,,,,,,,,,,,
Bahamas,Labor Freedom,67.5,,,,,,,,,,,,,,,,,,,,,,,,
Bahrain,Labor Freedom,71.1,,,,,,,,,,,,,,,,,,,,,,,,
Bangladesh,Labor Freedom,68.2,,,,,,,,,,,,,,,,,,,,,,,,
Barbados,Labor Freedom,59.9,,,,,,,,,,,,,,,,,,,,,,,,
Belarus,Labor Freedom,75.3,,,,,,,,,,,,,,,,,,,,,,,,
Belgium,Labor Freedom,61,,,,,,,,,,,,,,,,,,,,,,,,
Belize,Labor Freedom,54.8,,,,,,,,,,,,,,,,,,,,,,,,
Benin,Labor Freedom,53.8,,,,,,,,,,,,,,,,,,,,,,,,
Bhutan,Labor Freedom,79.5,,,,,,,,,,,,,,,,,,,,,,,,
Bolivia,Labor Freedom,52.9,,,,,,,,,,,,,,,,,,,,,,,,
Bosnia and Herzegovina,Labor Freedom,67,,,,,,,,,,,,,,,,,,,,,,,,
Botswana,Labor Freedom,68.2,,,,,,,,,,,,,,,,,,,,,,,,
Brazil,Labor Freedom,51.9,,,,,,,,,,,,,,,,,,,,,,,,
Bulgaria,Labor Freedom,68.4,,,,,,,,,,,,,,,,,,,,,,,,
Burkina Faso,Labor Freedom,52.3,,,,,,,,,,,,,,,,,,,,,,,,
Burma,Labor Freedom,65.7,,,,,,,,,,,,,,,,,,,,,,,,
Burundi,Labor Freedom,67.5,,,,,,,,,,,,,,,,,,,,,,,,
Cambodia,Labor Freedom,63,,,,,,,,,,,,,,,,,,,,,,,,
Cameroon,Labor Freedom,47.8,,,,,,,,,,,,,,,,,,,,,,,,
Canada,Labor Freedom,73.7,,,,,,,,,,,,,,,,,,,,,,,,
Cabo Verde,Labor Freedom,55.7,,,,,,,,,,,,,,,,,,,,,,,,
Central African Republic,Labor Freedom,40.1,,,,,,,,,,,,,,,,,,,,,,,,
Chad,Labor Freedom,43.2,,,,,,,,,,,,,,,,,,,,,,,,
Chile,Labor Freedom,65,,,,,,,,,,,,,,,,,,,,,,,,
China,Labor Freedom,64.2,,,,,,,,,,,,,,,,,,,,,,,,
Colombia,Labor Freedom,78.5,,,,,,,,,,,,,,,,,,,,,,,,
Comoros,Labor Freedom,60.3,,,,,,,,,,,,,,,,,,,,,,,,
"Congo, Democratic Republic of the Congo",Labor Freedom,41.9,,,,,,,,,,,,,,,,,,,,,,,,
"Congo, Republic of",Labor Freedom,35.8,,,,,,,,,,,,,,,,,,,,,,,,
Costa Rica,Labor Freedom,55.2,,,,,,,,,,,,,,,,,,,,,,,,
Côte d'Ivoire,Labor Freedom,52.5,,,,,,,,,,,,,,,,,,,,,,,,
Croatia,Labor Freedom,44,,,,,,,,,,,,,,,,,,,,,,,,
Cuba,Labor Freedom,20,,,,,,,,,,,,,,,,,,,,,,,,
Cyprus,Labor Freedom,59.5,,,,,,,,,,,,,,,,,,,,,,,,
Czech Republic,Labor Freedom,78.1,,,,,,,,,,,,,,,,,,,,,,,,
Denmark,Labor Freedom,86.4,,,,,,,,,,,,,,,,,,,,,,,,
Djibouti,Labor Freedom,60.4,,,,,,,,,,,,,,,,,,,,,,,,
Dominica,Labor Freedom,60.4,,,,,,,,,,,,,,,,,,,,,,,,
Dominican Republic,Labor Freedom,57.6,,,,,,,,,,,,,,,,,,,,,,,,
Ecuador,Labor Freedom,48.2,,,,,,,,,,,,,,,,,,,,,,,,
Egypt,Labor Freedom,51.6,,,,,,,,,,,,,,,,,,,,,,,,
El Salvador,Labor Freedom,53.1,,,,,,,,,,,,,,,,,,,,,,,,
Equatorial Guinea,Labor Freedom,32.7,,,,,,,,,,,,,,,,,,,,,,,,
Eritrea,Labor Freedom,70,,,,,,,,,,,,,,,,,,,,,,,,
Estonia,Labor Freedom,57.2,,,,,,,,,,,,,,,,,,,,,,,,
Ethiopia,Labor Freedom,58,,,,,,,,,,,,,,,,,,,,,,,,
Fiji,Labor Freedom,72.9,,,,,,,,,,,,,,,,,,,,,,,,
Finland,Labor Freedom,50.3,,,,,,,,,,,,,,,,,,,,,,,,
France,Labor Freedom,45.2,,,,,,,,,,,,,,,,,,,,,,,,
Gabon,Labor Freedom,53,,,,,,,,,,,,,,,,,,,,,,,,
Gambia,Labor Freedom,67.4,,,,,,,,,,,,,,,,,,,,,,,,
Georgia,Labor Freedom,76.6,,,,,,,,,,,,,,,,,,,,,,,,
Germany,Labor Freedom,52.8,,,,,,,,,,,,,,,,,,,,,,,,
Ghana,Labor Freedom,59.9,,,,,,,,,,,,,,,,,,,,,,,,
Greece,Labor Freedom,52.5,,,,,,,,,,,,,,,,,,,,,,,,
Guatemala,Labor Freedom,48.7,,,,,,,,,,,,,,,,,,,,,,,,
Guinea,Labor Freedom,54.9,,,,,,,,,,,,,,,,,,,,,,,,
Guinea-Bissau,Labor Freedom,61.2,,,,,,,,,,,,,,,,,,,,,,,,
Guyana,Labor Freedom,62,,,,,,,,,,,,,,,,,,,,,,,,
Haiti,Labor Freedom,62.6,,,,,,,,,,,,,,,,,,,,,,,,
Honduras,Labor Freedom,32,,,,,,,,,,,,,,,,,,,,,,,,
Hong Kong,Labor Freedom,89.2,,,,,,,,,,,,,,,,,,,,,,,,
Hungary,Labor Freedom,64.7,,,,,,,,,,,,,,,,,,,,,,,,
Iceland,Labor Freedom,64.1,,,,,,,,,,,,,,,,,,,,,,,,
India,Labor Freedom,41.8,,,,,,,,,,,,,,,,,,,,,,,,
Indonesia,Labor Freedom,49.3,,,,,,,,,,,,,,,,,,,,,,,,
Iran,Labor Freedom,50.7,,,,,,,,,,,,,,,,,,,,,,,,
Iraq,Labor Freedom,53.1,,,,,,,,,,,,,,,,,,,,,,,,
Ireland,Labor Freedom,75.3,,,,,,,,,,,,,,,,,,,,,,,,
Israel,Labor Freedom,65.1,,,,,,,,,,,,,,,,,,,,,,,,
Italy,Labor Freedom,51.1,,,,,,,,,,,,,,,,,,,,,,,,
Jamaica,Labor Freedom,73.6,,,,,,,,,,,,,,,,,,,,,,,,
Japan,Labor Freedom,79,,,,,,,,,,,,,,,,,,,,,,,,
Jordan,Labor Freedom,52.7,,,,,,,,,,,,,,,,,,,,,,,,
Kazakhstan,Labor Freedom,86.2,,,,,,,,,,,,,,,,,,,,,,,,
Kenya,Labor Freedom,63.4,,,,,,,,,,,,,,,,,,,,,,,,
Kiribati,Labor Freedom,50.7,,,,,,,,,,,,,,,,,,,,,,,,
"Korea, North ",Labor Freedom,5,,,,,,,,,,,,,,,,,,,,,,,,
"Korea, South",Labor Freedom,57.4,,,,,,,,,,,,,,,,,,,,,,,,
Kuwait,Labor Freedom,61.7,,,,,,,,,,,,,,,,,,,,,,,,
Kyrgyz Republic,Labor Freedom,79.8,,,,,,,,,,,,,,,,,,,,,,,,
Laos,Labor Freedom,60.1,,,,,,,,,,,,,,,,,,,,,,,,
Latvia,Labor Freedom,73.3,,,,,,,,,,,,,,,,,,,,,,,,
Lebanon,Labor Freedom,46.5,,,,,,,,,,,,,,,,,,,,,,,,
Lesotho,Labor Freedom,58.8,,,,,,,,,,,,,,,,,,,,,,,,
Liberia,Labor Freedom,38.3,,,,,,,,,,,,,,,,,,,,,,,,
Libya,Labor Freedom,51.3,,,,,,,,,,,,,,,,,,,,,,,,
Lithuania,Labor Freedom,63.6,,,,,,,,,,,,,,,,,,,,,,,,
Luxembourg,Labor Freedom,45.9,,,,,,,,,,,,,,,,,,,,,,,,
Macau,Labor Freedom,50,,,,,,,,,,,,,,,,,,,,,,,,
Macedonia,Labor Freedom,71.5,,,,,,,,,,,,,,,,,,,,,,,,
Madagascar,Labor Freedom,44.6,,,,,,,,,,,,,,,,,,,,,,,,
Malawi,Labor Freedom,64,,,,,,,,,,,,,,,,,,,,,,,,
Malaysia,Labor Freedom,74.4,,,,,,,,,,,,,,,,,,,,,,,,
Maldives,Labor Freedom,70.8,,,,,,,,,,,,,,,,,,,,,,,,
Mali,Labor Freedom,52.2,,,,,,,,,,,,,,,,,,,,,,,,
Malta,Labor Freedom,61.3,,,,,,,,,,,,,,,,,,,,,,,,
Mauritania,Labor Freedom,51.5,,,,,,,,,,,,,,,,,,,,,,,,
Mauritius,Labor Freedom,60.8,,,,,,,,,,,,,,,,,,,,,,,,
Mexico,Labor Freedom,58.6,,,,,,,,,,,,,,,,,,,,,,,,
Micronesia,Labor Freedom,71.9,,,,,,,,,,,,,,,,,,,,,,,,
Moldova,Labor Freedom,39,,,,,,,,,,,,,,,,,,,,,,,,
Mongolia,Labor Freedom,75,,,,,,,,,,,,,,,,,,,,,,,,
Montenegro,Labor Freedom,73.4,,,,,,,,,,,,,,,,,,,,,,,,
Morocco,Labor Freedom,33.1,,,,,,,,,,,,,,,,,,,,,,,,
Mozambique,Labor Freedom,42,,,,,,,,,,,,,,,,,,,,,,,,
Namibia,Labor Freedom,85.1,,,,,,,,,,,,,,,,,,,,,,,,
Nepal,Labor Freedom,47.9,,,,,,,,,,,,,,,,,,,,,,,,
Netherlands,Labor Freedom,60.3,,,,,,,,,,,,,,,,,,,,,,,,
New Zealand,Labor Freedom,86.7,,,,,,,,,,,,,,,,,,,,,,,,
Nicaragua,Labor Freedom,55.8,,,,,,,,,,,,,,,,,,,,,,,,
Niger,Labor Freedom,48.2,,,,,,,,,,,,,,,,,,,,,,,,
Nigeria,Labor Freedom,83.3,,,,,,,,,,,,,,,,,,,,,,,,
Norway,Labor Freedom,53.7,,,,,,,,,,,,,,,,,,,,,,,,
Oman,Labor Freedom,57.3,,,,,,,,,,,,,,,,,,,,,,,,
Pakistan,Labor Freedom,41.8,,,,,,,,,,,,,,,,,,,,,,,,
Panama,Labor Freedom,43.4,,,,,,,,,,,,,,,,,,,,,,,,
Papua New Guinea,Labor Freedom,72.6,,,,,,,,,,,,,,,,,,,,,,,,
Paraguay,Labor Freedom,29.2,,,,,,,,,,,,,,,,,,,,,,,,
Peru,Labor Freedom,63.5,,,,,,,,,,,,,,,,,,,,,,,,
Philippines,Labor Freedom,57.9,,,,,,,,,,,,,,,,,,,,,,,,
Poland,Labor Freedom,63.9,,,,,,,,,,,,,,,,,,,,,,,,
Portugal,Labor Freedom,44.3,,,,,,,,,,,,,,,,,,,,,,,,
Qatar,Labor Freedom,65.9,,,,,,,,,,,,,,,,,,,,,,,,
Romania,Labor Freedom,64.5,,,,,,,,,,,,,,,,,,,,,,,,
Russia,Labor Freedom,52.5,,,,,,,,,,,,,,,,,,,,,,,,
Rwanda,Labor Freedom,82.2,,,,,,,,,,,,,,,,,,,,,,,,
Saint Lucia,Labor Freedom,69.2,,,,,,,,,,,,,,,,,,,,,,,,
Saint Vincent and the Grenadines,Labor Freedom,73.5,,,,,,,,,,,,,,,,,,,,,,,,
Samoa,Labor Freedom,78.2,,,,,,,,,,,,,,,,,,,,,,,,
São Tomé and Príncipe,Labor Freedom,42.7,,,,,,,,,,,,,,,,,,,,,,,,
Saudi Arabia,Labor Freedom,63.3,,,,,,,,,,,,,,,,,,,,,,,,
Senegal,Labor Freedom,39.4,,,,,,,,,,,,,,,,,,,,,,,,
Serbia,Labor Freedom,67.4,,,,,,,,,,,,,,,,,,,,,,,,
Seychelles,Labor Freedom,63.2,,,,,,,,,,,,,,,,,,,,,,,,
Sierra Leone,Labor Freedom,29.3,,,,,,,,,,,,,,,,,,,,,,,,
Singapore,Labor Freedom,91,,,,,,,,,,,,,,,,,,,,,,,,
Slovakia,Labor Freedom,53.4,,,,,,,,,,,,,,,,,,,,,,,,
Slovenia,Labor Freedom,61.2,,,,,,,,,,,,,,,,,,,,,,,,
Solomon Islands,Labor Freedom,72,,,,,,,,,,,,,,,,,,,,,,,,
South Africa,Labor Freedom,59.1,,,,,,,,,,,,,,,,,,,,,,,,
Spain,Labor Freedom,57.8,,,,,,,,,,,,,,,,,,,,,,,,
Sri Lanka,Labor Freedom,58.8,,,,,,,,,,,,,,,,,,,,,,,,
Sudan,Labor Freedom,59,,,,,,,,,,,,,,,,,,,,,,,,
Suriname,Labor Freedom,73.5,,,,,,,,,,,,,,,,,,,,,,,,
Eswatini,Labor Freedom,67.5,,,,,,,,,,,,,,,,,,,,,,,,
Sweden,Labor Freedom,53.9,,,,,,,,,,,,,,,,,,,,,,,,
Switzerland,Labor Freedom,72.5,,,,,,,,,,,,,,,,,,,,,,,,
Taiwan ,Labor Freedom,60.9,,,,,,,,,,,,,,,,,,,,,,,,
Tajikistan,Labor Freedom,49.2,,,,,,,,,,,,,,,,,,,,,,,,
Tanzania,Labor Freedom,66.2,,,,,,,,,,,,,,,,,,,,,,,,
Thailand,Labor Freedom,63.9,,,,,,,,,,,,,,,,,,,,,,,,
Timor-Leste,Labor Freedom,58.8,,,,,,,,,,,,,,,,,,,,,,,,
Togo,Labor Freedom,46.7,,,,,,,,,,,,,,,,,,,,,,,,
Tonga,Labor Freedom,69.9,,,,,,,,,,,,,,,,,,,,,,,,
Trinidad and Tobago,Labor Freedom,75.6,,,,,,,,,,,,,,,,,,,,,,,,
Tunisia,Labor Freedom,50.3,,,,,,,,,,,,,,,,,,,,,,,,
Turkey,Labor Freedom,49.2,,,,,,,,,,,,,,,,,,,,,,,,
Turkmenistan,Labor Freedom,20,,,,,,,,,,,,,,,,,,,,,,,,
Uganda,Labor Freedom,83.2,,,,,,,,,,,,,,,,,,,,,,,,
Ukraine,Labor Freedom,46.7,,,,,,,,,,,,,,,,,,,,,,,,
United Arab Emirates,Labor Freedom,81.1,,,,,,,,,,,,,,,,,,,,,,,,
United Kingdom,Labor Freedom,73.5,,,,,,,,,,,,,,,,,,,,,,,,
United States,Labor Freedom,89.4,,,,,,,,,,,,,,,,,,,,,,,,
Uruguay,Labor Freedom,71.9,,,,,,,,,,,,,,,,,,,,,,,,
Uzbekistan,Labor Freedom,58.7,,,,,,,,,,,,,,,,,,,,,,,,
Vanuatu,Labor Freedom,58.8,,,,,,,,,,,,,,,,,,,,,,,,
Venezuela,Labor Freedom,28,,,,,,,,,,,,,,,,,,,,,,,,
Vietnam,Labor Freedom,62.8,,,,,,,,,,,,,,,,,,,,,,,,
Yemen,Labor Freedom,49.8,,,,,,,,,,,,,,,,,,,,,,,,
Zambia,Labor Freedom,46,,,,,,,,,,,,,,,,,,,,,,,,
Zimbabwe,Labor Freedom,43.3,,,,,,,,,,,,,,,,,,,,,,,,
Kosovo,Labor Freedom,64.9,,,,,,,,,,,,,,,,,,,,,,,,
Brunei Darussalam,Labor Freedom,90.8,,,,,,,,,,,,,,,,,,,,,,,,
Afghanistan,Monetary Freedom,76.7,,,,,,,,,,,,,,,,,,,,,,,,
Albania,Monetary Freedom,81.5,,,,,,,,,,,,,,,,,,,,,,,,
Algeria,Monetary Freedom,74.9,,,,,,,,,,,,,,,,,,,,,,,,
Angola,Monetary Freedom,55.4,,,,,,,,,,,,,,,,,,,,,,,,
Argentina,Monetary Freedom,60.2,,,,,,,,,,,,,,,,,,,,,,,,
Armenia,Monetary Freedom,77.8,,,,,,,,,,,,,,,,,,,,,,,,
Australia,Monetary Freedom,86.6,,,,,,,,,,,,,,,,,,,,,,,,
Austria,Monetary Freedom,81.5,,,,,,,,,,,,,,,,,,,,,,,,
Azerbaijan,Monetary Freedom,63,,,,,,,,,,,,,,,,,,,,,,,,
Bahamas,Monetary Freedom,78.1,,,,,,,,,,,,,,,,,,,,,,,,
Bahrain,Monetary Freedom,81.6,,,,,,,,,,,,,,,,,,,,,,,,
Bangladesh,Monetary Freedom,69.9,,,,,,,,,,,,,,,,,,,,,,,,
Barbados,Monetary Freedom,78.3,,,,,,,,,,,,,,,,,,,,,,,,
Belarus,Monetary Freedom,67,,,,,,,,,,,,,,,,,,,,,,,,
Belgium,Monetary Freedom,76.1,,,,,,,,,,,,,,,,,,,,,,,,
Belize,Monetary Freedom,78.7,,,,,,,,,,,,,,,,,,,,,,,,
Benin,Monetary Freedom,86.4,,,,,,,,,,,,,,,,,,,,,,,,
Bhutan,Monetary Freedom,72.6,,,,,,,,,,,,,,,,,,,,,,,,
Bolivia,Monetary Freedom,68.8,,,,,,,,,,,,,,,,,,,,,,,,
Bosnia and Herzegovina,Monetary Freedom,83.1,,,,,,,,,,,,,,,,,,,,,,,,
Botswana,Monetary Freedom,78.8,,,,,,,,,,,,,,,,,,,,,,,,
Brazil,Monetary Freedom,75.5,,,,,,,,,,,,,,,,,,,,,,,,
Bulgaria,Monetary Freedom,88,,,,,,,,,,,,,,,,,,,,,,,,
Burkina Faso,Monetary Freedom,86.2,,,,,,,,,,,,,,,,,,,,,,,,
Burma,Monetary Freedom,69.6,,,,,,,,,,,,,,,,,,,,,,,,
Burundi,Monetary Freedom,62.2,,,,,,,,,,,,,,,,,,,,,,,,
Cambodia,Monetary Freedom,79.4,,,,,,,,,,,,,,,,,,,,,,,,
Cameroon,Monetary Freedom,84,,,,,,,,,,,,,,,,,,,,,,,,
Canada,Monetary Freedom,77.2,,,,,,,,,,,,,,,,,,,,,,,,
Cabo Verde,Monetary Freedom,84.1,,,,,,,,,,,,,,,,,,,,,,,,
Central African Republic,Monetary Freedom,72.3,,,,,,,,,,,,,,,,,,,,,,,,
Chad,Monetary Freedom,82.3,,,,,,,,,,,,,,,,,,,,,,,,
Chile,Monetary Freedom,84.5,,,,,,,,,,,,,,,,,,,,,,,,
China,Monetary Freedom,71.9,,,,,,,,,,,,,,,,,,,,,,,,
Colombia,Monetary Freedom,75.6,,,,,,,,,,,,,,,,,,,,,,,,
Comoros,Monetary Freedom,82.8,,,,,,,,,,,,,,,,,,,,,,,,
"Congo, Democratic Republic of the Congo",Monetary Freedom,49.1,,,,,,,,,,,,,,,,,,,,,,,,
"Congo, Republic of",Monetary Freedom,82.6,,,,,,,,,,,,,,,,,,,,,,,,
Costa Rica,Monetary Freedom,83.2,,,,,,,,,,,,,,,,,,,,,,,,
Côte d'Ivoire,Monetary Freedom,74.2,,,,,,,,,,,,,,,,,,,,,,,,
Croatia,Monetary Freedom,78.5,,,,,,,,,,,,,,,,,,,,,,,,
Cuba,Monetary Freedom,65.6,,,,,,,,,,,,,,,,,,,,,,,,
Cyprus,Monetary Freedom,84,,,,,,,,,,,,,,,,,,,,,,,,
Czech Republic,Monetary Freedom,81.5,,,,,,,,,,,,,,,,,,,,,,,,
Denmark,Monetary Freedom,84.1,,,,,,,,,,,,,,,,,,,,,,,,
Djibouti,Monetary Freedom,72.7,,,,,,,,,,,,,,,,,,,,,,,,
Dominica,Monetary Freedom,85.7,,,,,,,,,,,,,,,,,,,,,,,,
Dominican Republic,Monetary Freedom,79.7,,,,,,,,,,,,,,,,,,,,,,,,
Ecuador,Monetary Freedom,73.5,,,,,,,,,,,,,,,,,,,,,,,,
Egypt,Monetary Freedom,62.3,,,,,,,,,,,,,,,,,,,,,,,,
El Salvador,Monetary Freedom,79,,,,,,,,,,,,,,,,,,,,,,,,
Equatorial Guinea,Monetary Freedom,83.7,,,,,,,,,,,,,,,,,,,,,,,,
Eritrea,Monetary Freedom,61,,,,,,,,,,,,,,,,,,,,,,,,
Estonia,Monetary Freedom,79.6,,,,,,,,,,,,,,,,,,,,,,,,
Ethiopia,Monetary Freedom,60.8,,,,,,,,,,,,,,,,,,,,,,,,
Fiji,Monetary Freedom,73.5,,,,,,,,,,,,,,,,,,,,,,,,
Finland,Monetary Freedom,84.8,,,,,,,,,,,,,,,,,,,,,,,,
France,Monetary Freedom,79.1,,,,,,,,,,,,,,,,,,,,,,,,
Gabon,Monetary Freedom,80,,,,,,,,,,,,,,,,,,,,,,,,
Gambia,Monetary Freedom,62.4,,,,,,,,,,,,,,,,,,,,,,,,
Georgia,Monetary Freedom,76,,,,,,,,,,,,,,,,,,,,,,,,
Germany,Monetary Freedom,77.9,,,,,,,,,,,,,,,,,,,,,,,,
Ghana,Monetary Freedom,66.3,,,,,,,,,,,,,,,,,,,,,,,,
Greece,Monetary Freedom,79.1,,,,,,,,,,,,,,,,,,,,,,,,
Guatemala,Monetary Freedom,77,,,,,,,,,,,,,,,,,,,,,,,,
Guinea,Monetary Freedom,66.4,,,,,,,,,,,,,,,,,,,,,,,,
Guinea-Bissau,Monetary Freedom,78.1,,,,,,,,,,,,,,,,,,,,,,,,
Guyana,Monetary Freedom,76.9,,,,,,,,,,,,,,,,,,,,,,,,
Haiti,Monetary Freedom,66.5,,,,,,,,,,,,,,,,,,,,,,,,
Honduras,Monetary Freedom,73,,,,,,,,,,,,,,,,,,,,,,,,
Hong Kong,Monetary Freedom,86.4,,,,,,,,,,,,,,,,,,,,,,,,
Hungary,Monetary Freedom,81.8,,,,,,,,,,,,,,,,,,,,,,,,
Iceland,Monetary Freedom,81.7,,,,,,,,,,,,,,,,,,,,,,,,
India,Monetary Freedom,72.4,,,,,,,,,,,,,,,,,,,,,,,,
Indonesia,Monetary Freedom,77.4,,,,,,,,,,,,,,,,,,,,,,,,
Iran,Monetary Freedom,60.1,,,,,,,,,,,,,,,,,,,,,,,,
Iraq,Monetary Freedom,81.4,,,,,,,,,,,,,,,,,,,,,,,,
Ireland,Monetary Freedom,87,,,,,,,,,,,,,,,,,,,,,,,,
Israel,Monetary Freedom,86.2,,,,,,,,,,,,,,,,,,,,,,,,
Italy,Monetary Freedom,84,,,,,,,,,,,,,,,,,,,,,,,,
Jamaica,Monetary Freedom,82.6,,,,,,,,,,,,,,,,,,,,,,,,
Japan,Monetary Freedom,85.9,,,,,,,,,,,,,,,,,,,,,,,,
Jordan,Monetary Freedom,85,,,,,,,,,,,,,,,,,,,,,,,,
Kazakhstan,Monetary Freedom,70.9,,,,,,,,,,,,,,,,,,,,,,,,
Kenya,Monetary Freedom,72.7,,,,,,,,,,,,,,,,,,,,,,,,
Kiribati,Monetary Freedom,81.1,,,,,,,,,,,,,,,,,,,,,,,,
"Korea, North ",Monetary Freedom,0,,,,,,,,,,,,,,,,,,,,,,,,
"Korea, South",Monetary Freedom,82,,,,,,,,,,,,,,,,,,,,,,,,
Kuwait,Monetary Freedom,70.6,,,,,,,,,,,,,,,,,,,,,,,,
Kyrgyz Republic,Monetary Freedom,74.4,,,,,,,,,,,,,,,,,,,,,,,,
Laos,Monetary Freedom,78.5,,,,,,,,,,,,,,,,,,,,,,,,
Latvia,Monetary Freedom,81.1,,,,,,,,,,,,,,,,,,,,,,,,
Lebanon,Monetary Freedom,78.1,,,,,,,,,,,,,,,,,,,,,,,,
Lesotho,Monetary Freedom,75,,,,,,,,,,,,,,,,,,,,,,,,
Liberia,Monetary Freedom,68.9,,,,,,,,,,,,,,,,,,,,,,,,
Libya,Monetary Freedom,52.8,,,,,,,,,,,,,,,,,,,,,,,,
Lithuania,Monetary Freedom,84.6,,,,,,,,,,,,,,,,,,,,,,,,
Luxembourg,Monetary Freedom,82.6,,,,,,,,,,,,,,,,,,,,,,,,
Macau,Monetary Freedom,76.5,,,,,,,,,,,,,,,,,,,,,,,,
Macedonia,Monetary Freedom,78.7,,,,,,,,,,,,,,,,,,,,,,,,
Madagascar,Monetary Freedom,72.4,,,,,,,,,,,,,,,,,,,,,,,,
Malawi,Monetary Freedom,65.5,,,,,,,,,,,,,,,,,,,,,,,,
Malaysia,Monetary Freedom,78.6,,,,,,,,,,,,,,,,,,,,,,,,
Maldives,Monetary Freedom,81,,,,,,,,,,,,,,,,,,,,,,,,
Mali,Monetary Freedom,81.6,,,,,,,,,,,,,,,,,,,,,,,,
Malta,Monetary Freedom,78.2,,,,,,,,,,,,,,,,,,,,,,,,
Mauritania,Monetary Freedom,81.2,,,,,,,,,,,,,,,,,,,,,,,,
Mauritius,Monetary Freedom,79.4,,,,,,,,,,,,,,,,,,,,,,,,
Mexico,Monetary Freedom,75.9,,,,,,,,,,,,,,,,,,,,,,,,
Micronesia,Monetary Freedom,85.8,,,,,,,,,,,,,,,,,,,,,,,,
Moldova,Monetary Freedom,73.5,,,,,,,,,,,,,,,,,,,,,,,,
Mongolia,Monetary Freedom,77.8,,,,,,,,,,,,,,,,,,,,,,,,
Montenegro,Monetary Freedom,81.6,,,,,,,,,,,,,,,,,,,,,,,,
Morocco,Monetary Freedom,83.5,,,,,,,,,,,,,,,,,,,,,,,,
Mozambique,Monetary Freedom,65.4,,,,,,,,,,,,,,,,,,,,,,,,
Namibia,Monetary Freedom,74.4,,,,,,,,,,,,,,,,,,,,,,,,
Nepal,Monetary Freedom,69.4,,,,,,,,,,,,,,,,,,,,,,,,
Netherlands,Monetary Freedom,84,,,,,,,,,,,,,,,,,,,,,,,,
New Zealand,Monetary Freedom,87.5,,,,,,,,,,,,,,,,,,,,,,,,
Nicaragua,Monetary Freedom,72.7,,,,,,,,,,,,,,,,,,,,,,,,
Niger,Monetary Freedom,76.7,,,,,,,,,,,,,,,,,,,,,,,,
Nigeria,Monetary Freedom,65,,,,,,,,,,,,,,,,,,,,,,,,
Norway,Monetary Freedom,75.4,,,,,,,,,,,,,,,,,,,,,,,,
Oman,Monetary Freedom,77.7,,,,,,,,,,,,,,,,,,,,,,,,
Pakistan,Monetary Freedom,72.6,,,,,,,,,,,,,,,,,,,,,,,,
Panama,Monetary Freedom,79.4,,,,,,,,,,,,,,,,,,,,,,,,
Papua New Guinea,Monetary Freedom,70,,,,,,,,,,,,,,,,,,,,,,,,
Paraguay,Monetary Freedom,72.8,,,,,,,,,,,,,,,,,,,,,,,,
Peru,Monetary Freedom,83.9,,,,,,,,,,,,,,,,,,,,,,,,
Philippines,Monetary Freedom,69.6,,,,,,,,,,,,,,,,,,,,,,,,
Poland,Monetary Freedom,82.1,,,,,,,,,,,,,,,,,,,,,,,,
Portugal,Monetary Freedom,83,,,,,,,,,,,,,,,,,,,,,,,,
Qatar,Monetary Freedom,78.4,,,,,,,,,,,,,,,,,,,,,,,,
Romania,Monetary Freedom,82.7,,,,,,,,,,,,,,,,,,,,,,,,
Russia,Monetary Freedom,65.1,,,,,,,,,,,,,,,,,,,,,,,,
Rwanda,Monetary Freedom,76.1,,,,,,,,,,,,,,,,,,,,,,,,
Saint Lucia,Monetary Freedom,83.9,,,,,,,,,,,,,,,,,,,,,,,,
Saint Vincent and the Grenadines,Monetary Freedom,82.2,,,,,,,,,,,,,,,,,,,,,,,,
Samoa,Monetary Freedom,83.5,,,,,,,,,,,,,,,,,,,,,,,,
São Tomé and Príncipe,Monetary Freedom,70.5,,,,,,,,,,,,,,,,,,,,,,,,
Saudi Arabia,Monetary Freedom,78.1,,,,,,,,,,,,,,,,,,,,,,,,
Senegal,Monetary Freedom,78.2,,,,,,,,,,,,,,,,,,,,,,,,
Serbia,Monetary Freedom,80,,,,,,,,,,,,,,,,,,,,,,,,
Seychelles,Monetary Freedom,80,,,,,,,,,,,,,,,,,,,,,,,,
Sierra Leone,Monetary Freedom,65,,,,,,,,,,,,,,,,,,,,,,,,
Singapore,Monetary Freedom,85.3,,,,,,,,,,,,,,,,,,,,,,,,
Slovakia,Monetary Freedom,78.6,,,,,,,,,,,,,,,,,,,,,,,,
Slovenia,Monetary Freedom,83.6,,,,,,,,,,,,,,,,,,,,,,,,
Solomon Islands,Monetary Freedom,86,,,,,,,,,,,,,,,,,,,,,,,,
South Africa,Monetary Freedom,75.2,,,,,,,,,,,,,,,,,,,,,,,,
Spain,Monetary Freedom,87.5,,,,,,,,,,,,,,,,,,,,,,,,
Sri Lanka,Monetary Freedom,70.1,,,,,,,,,,,,,,,,,,,,,,,,
Sudan,Monetary Freedom,56.9,,,,,,,,,,,,,,,,,,,,,,,,
Suriname,Monetary Freedom,56,,,,,,,,,,,,,,,,,,,,,,,,
Eswatini,Monetary Freedom,73.7,,,,,,,,,,,,,,,,,,,,,,,,
Sweden,Monetary Freedom,82,,,,,,,,,,,,,,,,,,,,,,,,
Switzerland,Monetary Freedom,85.2,,,,,,,,,,,,,,,,,,,,,,,,
Taiwan ,Monetary Freedom,84.4,,,,,,,,,,,,,,,,,,,,,,,,
Tajikistan,Monetary Freedom,68.5,,,,,,,,,,,,,,,,,,,,,,,,
Tanzania,Monetary Freedom,70.4,,,,,,,,,,,,,,,,,,,,,,,,
Thailand,Monetary Freedom,75.2,,,,,,,,,,,,,,,,,,,,,,,,
Timor-Leste,Monetary Freedom,79.5,,,,,,,,,,,,,,,,,,,,,,,,
Togo,Monetary Freedom,79.1,,,,,,,,,,,,,,,,,,,,,,,,
Tonga,Monetary Freedom,69.4,,,,,,,,,,,,,,,,,,,,,,,,
Trinidad and Tobago,Monetary Freedom,75.1,,,,,,,,,,,,,,,,,,,,,,,,
Tunisia,Monetary Freedom,76,,,,,,,,,,,,,,,,,,,,,,,,
Turkey,Monetary Freedom,70,,,,,,,,,,,,,,,,,,,,,,,,
Turkmenistan,Monetary Freedom,73.4,,,,,,,,,,,,,,,,,,,,,,,,
Uganda,Monetary Freedom,80.1,,,,,,,,,,,,,,,,,,,,,,,,
Ukraine,Monetary Freedom,58.6,,,,,,,,,,,,,,,,,,,,,,,,
United Arab Emirates,Monetary Freedom,80.9,,,,,,,,,,,,,,,,,,,,,,,,
United Kingdom,Monetary Freedom,81.2,,,,,,,,,,,,,,,,,,,,,,,,
United States,Monetary Freedom,76.6,,,,,,,,,,,,,,,,,,,,,,,,
Uruguay,Monetary Freedom,72.9,,,,,,,,,,,,,,,,,,,,,,,,
Uzbekistan,Monetary Freedom,58.9,,,,,,,,,,,,,,,,,,,,,,,,
Vanuatu,Monetary Freedom,75,,,,,,,,,,,,,,,,,,,,,,,,
Venezuela,Monetary Freedom,0,,,,,,,,,,,,,,,,,,,,,,,,
Vietnam,Monetary Freedom,68.9,,,,,,,,,,,,,,,,,,,,,,,,
Yemen,Monetary Freedom,61.5,,,,,,,,,,,,,,,,,,,,,,,,
Zambia,Monetary Freedom,70.3,,,,,,,,,,,,,,,,,,,,,,,,
Zimbabwe,Monetary Freedom,72.4,,,,,,,,,,,,,,,,,,,,,,,,
Kosovo,Monetary Freedom,78.3,,,,,,,,,,,,,,,,,,,,,,,,
Brunei Darussalam,Monetary Freedom,76.5,,,,,,,,,,,,,,,,,,,,,,,,
Afghanistan,Trade Freedom,66,,,,,,,,,,,,,,,,,,,,,,,,
Albania,Trade Freedom,87.8,,,,,,,,,,,,,,,,,,,,,,,,
Algeria,Trade Freedom,67.4,,,,,,,,,,,,,,,,,,,,,,,,
Angola,Trade Freedom,61.2,,,,,,,,,,,,,,,,,,,,,,,,
Argentina,Trade Freedom,70,,,,,,,,,,,,,,,,,,,,,,,,
Armenia,Trade Freedom,80.8,,,,,,,,,,,,,,,,,,,,,,,,
Australia,Trade Freedom,87.6,,,,,,,,,,,,,,,,,,,,,,,,
Austria,Trade Freedom,86,,,,,,,,,,,,,,,,,,,,,,,,
Azerbaijan,Trade Freedom,74.6,,,,,,,,,,,,,,,,,,,,,,,,
Bahamas,Trade Freedom,47.8,,,,,,,,,,,,,,,,,,,,,,,,
Bahrain,Trade Freedom,83.8,,,,,,,,,,,,,,,,,,,,,,,,
Bangladesh,Trade Freedom,63.6,,,,,,,,,,,,,,,,,,,,,,,,
Barbados,Trade Freedom,56.6,,,,,,,,,,,,,,,,,,,,,,,,
Belarus,Trade Freedom,76.4,,,,,,,,,,,,,,,,,,,,,,,,
Belgium,Trade Freedom,86,,,,,,,,,,,,,,,,,,,,,,,,
Belize,Trade Freedom,64,,,,,,,,,,,,,,,,,,,,,,,,
Benin,Trade Freedom,61.8,,,,,,,,,,,,,,,,,,,,,,,,
Bhutan,Trade Freedom,79.4,,,,,,,,,,,,,,,,,,,,,,,,
Bolivia,Trade Freedom,70.4,,,,,,,,,,,,,,,,,,,,,,,,
Bosnia and Herzegovina,Trade Freedom,82.6,,,,,,,,,,,,,,,,,,,,,,,,
Botswana,Trade Freedom,83.8,,,,,,,,,,,,,,,,,,,,,,,,
Brazil,Trade Freedom,69,,,,,,,,,,,,,,,,,,,,,,,,
Bulgaria,Trade Freedom,86,,,,,,,,,,,,,,,,,,,,,,,,
Burkina Faso,Trade Freedom,65.2,,,,,,,,,,,,,,,,,,,,,,,,
Burma,Trade Freedom,70.8,,,,,,,,,,,,,,,,,,,,,,,,
Burundi,Trade Freedom,68.2,,,,,,,,,,,,,,,,,,,,,,,,
Cambodia,Trade Freedom,65.4,,,,,,,,,,,,,,,,,,,,,,,,
Cameroon,Trade Freedom,53.4,,,,,,,,,,,,,,,,,,,,,,,,
Canada,Trade Freedom,86.8,,,,,,,,,,,,,,,,,,,,,,,,
Cabo Verde,Trade Freedom,68.2,,,,,,,,,,,,,,,,,,,,,,,,
Central African Republic,Trade Freedom,51,,,,,,,,,,,,,,,,,,,,,,,,
Chad,Trade Freedom,47.2,,,,,,,,,,,,,,,,,,,,,,,,
Chile,Trade Freedom,88.8,,,,,,,,,,,,,,,,,,,,,,,,
China,Trade Freedom,73,,,,,,,,,,,,,,,,,,,,,,,,
Colombia,Trade Freedom,76,,,,,,,,,,,,,,,,,,,,,,,,
Comoros,Trade Freedom,70,,,,,,,,,,,,,,,,,,,,,,,,
"Congo, Democratic Republic of the Congo",Trade Freedom,62.6,,,,,,,,,,,,,,,,,,,,,,,,
"Congo, Republic of",Trade Freedom,56.8,,,,,,,,,,,,,,,,,,,,,,,,
Costa Rica,Trade Freedom,81.4,,,,,,,,,,,,,,,,,,,,,,,,
Côte d'Ivoire,Trade Freedom,73.6,,,,,,,,,,,,,,,,,,,,,,,,
Croatia,Trade Freedom,86,,,,,,,,,,,,,,,,,,,,,,,,
Cuba,Trade Freedom,64,,,,,,,,,,,,,,,,,,,,,,,,
Cyprus,Trade Freedom,86,,,,,,,,,,,,,,,,,,,,,,,,
Czech Republic,Trade Freedom,86,,,,,,,,,,,,,,,,,,,,,,,,
Denmark,Trade Freedom,86,,,,,,,,,,,,,,,,,,,,,,,,
Djibouti,Trade Freedom,50.4,,,,,,,,,,,,,,,,,,,,,,,,
Dominica,Trade Freedom,68.2,,,,,,,,,,,,,,,,,,,,,,,,
Dominican Republic,Trade Freedom,75.8,,,,,,,,,,,,,,,,,,,,,,,,
Ecuador,Trade Freedom,66.4,,,,,,,,,,,,,,,,,,,,,,,,
Egypt,Trade Freedom,71.8,,,,,,,,,,,,,,,,,,,,,,,,
El Salvador,Trade Freedom,81.4,,,,,,,,,,,,,,,,,,,,,,,,
Equatorial Guinea,Trade Freedom,48.8,,,,,,,,,,,,,,,,,,,,,,,,
Eritrea,Trade Freedom,69.2,,,,,,,,,,,,,,,,,,,,,,,,
Estonia,Trade Freedom,86,,,,,,,,,,,,,,,,,,,,,,,,
Ethiopia,Trade Freedom,60.8,,,,,,,,,,,,,,,,,,,,,,,,
Fiji,Trade Freedom,62.8,,,,,,,,,,,,,,,,,,,,,,,,
Finland,Trade Freedom,86,,,,,,,,,,,,,,,,,,,,,,,,
France,Trade Freedom,81,,,,,,,,,,,,,,,,,,,,,,,,
Gabon,Trade Freedom,51.2,,,,,,,,,,,,,,,,,,,,,,,,
Gambia,Trade Freedom,61.6,,,,,,,,,,,,,,,,,,,,,,,,
Georgia,Trade Freedom,88.6,,,,,,,,,,,,,,,,,,,,,,,,
Germany,Trade Freedom,86,,,,,,,,,,,,,,,,,,,,,,,,
Ghana,Trade Freedom,63.4,,,,,,,,,,,,,,,,,,,,,,,,
Greece,Trade Freedom,81,,,,,,,,,,,,,,,,,,,,,,,,
Guatemala,Trade Freedom,82.2,,,,,,,,,,,,,,,,,,,,,,,,
Guinea,Trade Freedom,63.2,,,,,,,,,,,,,,,,,,,,,,,,
Guinea-Bissau,Trade Freedom,55.6,,,,,,,,,,,,,,,,,,,,,,,,
Guyana,Trade Freedom,66.8,,,,,,,,,,,,,,,,,,,,,,,,
Haiti,Trade Freedom,72,,,,,,,,,,,,,,,,,,,,,,,,
Honduras,Trade Freedom,79.4,,,,,,,,,,,,,,,,,,,,,,,,
Hong Kong,Trade Freedom,95,,,,,,,,,,,,,,,,,,,,,,,,
Hungary,Trade Freedom,86,,,,,,,,,,,,,,,,,,,,,,,,
Iceland,Trade Freedom,87,,,,,,,,,,,,,,,,,,,,,,,,
India,Trade Freedom,72.4,,,,,,,,,,,,,,,,,,,,,,,,
Indonesia,Trade Freedom,79.8,,,,,,,,,,,,,,,,,,,,,,,,
Iran,Trade Freedom,54.6,,,,,,,,,,,,,,,,,,,,,,,,
Iraq,Trade Freedom,N/A,,,,,,,,,,,,,,,,,,,,,,,,
Ireland,Trade Freedom,86,,,,,,,,,,,,,,,,,,,,,,,,
Israel,Trade Freedom,84.4,,,,,,,,,,,,,,,,,,,,,,,,
Italy,Trade Freedom,86,,,,,,,,,,,,,,,,,,,,,,,,
Jamaica,Trade Freedom,68.4,,,,,,,,,,,,,,,,,,,,,,,,
Japan,Trade Freedom,80,,,,,,,,,,,,,,,,,,,,,,,,
Jordan,Trade Freedom,81.4,,,,,,,,,,,,,,,,,,,,,,,,
Kazakhstan,Trade Freedom,80,,,,,,,,,,,,,,,,,,,,,,,,
Kenya,Trade Freedom,60.4,,,,,,,,,,,,,,,,,,,,,,,,
Kiribati,Trade Freedom,53.2,,,,,,,,,,,,,,,,,,,,,,,,
"Korea, North ",Trade Freedom,0,,,,,,,,,,,,,,,,,,,,,,,,
"Korea, South",Trade Freedom,80.4,,,,,,,,,,,,,,,,,,,,,,,,
Kuwait,Trade Freedom,79,,,,,,,,,,,,,,,,,,,,,,,,
Kyrgyz Republic,Trade Freedom,78.6,,,,,,,,,,,,,,,,,,,,,,,,
Laos,Trade Freedom,81.8,,,,,,,,,,,,,,,,,,,,,,,,
Latvia,Trade Freedom,86,,,,,,,,,,,,,,,,,,,,,,,,
Lebanon,Trade Freedom,79,,,,,,,,,,,,,,,,,,,,,,,,
Lesotho,Trade Freedom,81,,,,,,,,,,,,,,,,,,,,,,,,
Liberia,Trade Freedom,60.1,,,,,,,,,,,,,,,,,,,,,,,,
Libya,Trade Freedom,N/A,,,,,,,,,,,,,,,,,,,,,,,,
Lithuania,Trade Freedom,86,,,,,,,,,,,,,,,,,,,,,,,,
Luxembourg,Trade Freedom,86,,,,,,,,,,,,,,,,,,,,,,,,
Macau,Trade Freedom,90,,,,,,,,,,,,,,,,,,,,,,,,
Macedonia,Trade Freedom,82,,,,,,,,,,,,,,,,,,,,,,,,
Madagascar,Trade Freedom,69.2,,,,,,,,,,,,,,,,,,,,,,,,
Malawi,Trade Freedom,75.4,,,,,,,,,,,,,,,,,,,,,,,,
Malaysia,Trade Freedom,82,,,,,,,,,,,,,,,,,,,,,,,,
Maldives,Trade Freedom,62.6,,,,,,,,,,,,,,,,,,,,,,,,
Mali,Trade Freedom,69.8,,,,,,,,,,,,,,,,,,,,,,,,
Malta,Trade Freedom,86,,,,,,,,,,,,,,,,,,,,,,,,
Mauritania,Trade Freedom,62.6,,,,,,,,,,,,,,,,,,,,,,,,
Mauritius,Trade Freedom,88.4,,,,,,,,,,,,,,,,,,,,,,,,
Mexico,Trade Freedom,81.4,,,,,,,,,,,,,,,,,,,,,,,,
Micronesia,Trade Freedom,80.6,,,,,,,,,,,,,,,,,,,,,,,,
Moldova,Trade Freedom,78,,,,,,,,,,,,,,,,,,,,,,,,
Mongolia,Trade Freedom,75.8,,,,,,,,,,,,,,,,,,,,,,,,
Montenegro,Trade Freedom,84.7,,,,,,,,,,,,,,,,,,,,,,,,
Morocco,Trade Freedom,77.4,,,,,,,,,,,,,,,,,,,,,,,,
Mozambique,Trade Freedom,78,,,,,,,,,,,,,,,,,,,,,,,,
Namibia,Trade Freedom,83,,,,,,,,,,,,,,,,,,,,,,,,
Nepal,Trade Freedom,60.4,,,,,,,,,,,,,,,,,,,,,,,,
Netherlands,Trade Freedom,86,,,,,,,,,,,,,,,,,,,,,,,,
New Zealand,Trade Freedom,92.4,,,,,,,,,,,,,,,,,,,,,,,,
Nicaragua,Trade Freedom,76,,,,,,,,,,,,,,,,,,,,,,,,
Niger,Trade Freedom,65.8,,,,,,,,,,,,,,,,,,,,,,,,
Nigeria,Trade Freedom,62.4,,,,,,,,,,,,,,,,,,,,,,,,
Norway,Trade Freedom,83.2,,,,,,,,,,,,,,,,,,,,,,,,
Oman,Trade Freedom,87,,,,,,,,,,,,,,,,,,,,,,,,
Pakistan,Trade Freedom,64.8,,,,,,,,,,,,,,,,,,,,,,,,
Panama,Trade Freedom,79.2,,,,,,,,,,,,,,,,,,,,,,,,
Papua New Guinea,Trade Freedom,80.9,,,,,,,,,,,,,,,,,,,,,,,,
Paraguay,Trade Freedom,76.6,,,,,,,,,,,,,,,,,,,,,,,,
Peru,Trade Freedom,86.4,,,,,,,,,,,,,,,,,,,,,,,,
Philippines,Trade Freedom,78.2,,,,,,,,,,,,,,,,,,,,,,,,
Poland,Trade Freedom,86,,,,,,,,,,,,,,,,,,,,,,,,
Portugal,Trade Freedom,86,,,,,,,,,,,,,,,,,,,,,,,,
Qatar,Trade Freedom,83.2,,,,,,,,,,,,,,,,,,,,,,,,
Romania,Trade Freedom,86,,,,,,,,,,,,,,,,,,,,,,,,
Russia,Trade Freedom,77.8,,,,,,,,,,,,,,,,,,,,,,,,
Rwanda,Trade Freedom,70.4,,,,,,,,,,,,,,,,,,,,,,,,
Saint Lucia,Trade Freedom,73.2,,,,,,,,,,,,,,,,,,,,,,,,
Saint Vincent and the Grenadines,Trade Freedom,66.6,,,,,,,,,,,,,,,,,,,,,,,,
Samoa,Trade Freedom,63.8,,,,,,,,,,,,,,,,,,,,,,,,
São Tomé and Príncipe,Trade Freedom,64.2,,,,,,,,,,,,,,,,,,,,,,,,
Saudi Arabia,Trade Freedom,76,,,,,,,,,,,,,,,,,,,,,,,,
Senegal,Trade Freedom,72,,,,,,,,,,,,,,,,,,,,,,,,
Serbia,Trade Freedom,77,,,,,,,,,,,,,,,,,,,,,,,,
Seychelles,Trade Freedom,81.4,,,,,,,,,,,,,,,,,,,,,,,,
Sierra Leone,Trade Freedom,69.4,,,,,,,,,,,,,,,,,,,,,,,,
Singapore,Trade Freedom,94.8,,,,,,,,,,,,,,,,,,,,,,,,
Slovakia,Trade Freedom,86,,,,,,,,,,,,,,,,,,,,,,,,
Slovenia,Trade Freedom,86,,,,,,,,,,,,,,,,,,,,,,,,
Solomon Islands,Trade Freedom,56.8,,,,,,,,,,,,,,,,,,,,,,,,
South Africa,Trade Freedom,76,,,,,,,,,,,,,,,,,,,,,,,,
Spain,Trade Freedom,86,,,,,,,,,,,,,,,,,,,,,,,,
Sri Lanka,Trade Freedom,76.2,,,,,,,,,,,,,,,,,,,,,,,,
Sudan,Trade Freedom,45,,,,,,,,,,,,,,,,,,,,,,,,
Suriname,Trade Freedom,64.6,,,,,,,,,,,,,,,,,,,,,,,,
Eswatini,Trade Freedom,87.6,,,,,,,,,,,,,,,,,,,,,,,,
Sweden,Trade Freedom,86,,,,,,,,,,,,,,,,,,,,,,,,
Switzerland,Trade Freedom,87.4,,,,,,,,,,,,,,,,,,,,,,,,
Taiwan ,Trade Freedom,87,,,,,,,,,,,,,,,,,,,,,,,,
Tajikistan,Trade Freedom,73.6,,,,,,,,,,,,,,,,,,,,,,,,
Tanzania,Trade Freedom,67.8,,,,,,,,,,,,,,,,,,,,,,,,
Thailand,Trade Freedom,83,,,,,,,,,,,,,,,,,,,,,,,,
Timor-Leste,Trade Freedom,75,,,,,,,,,,,,,,,,,,,,,,,,
Togo,Trade Freedom,69.4,,,,,,,,,,,,,,,,,,,,,,,,
Tonga,Trade Freedom,73.6,,,,,,,,,,,,,,,,,,,,,,,,
Trinidad and Tobago,Trade Freedom,68.4,,,,,,,,,,,,,,,,,,,,,,,,
Tunisia,Trade Freedom,71.4,,,,,,,,,,,,,,,,,,,,,,,,
Turkey,Trade Freedom,79.6,,,,,,,,,,,,,,,,,,,,,,,,
Turkmenistan,Trade Freedom,76,,,,,,,,,,,,,,,,,,,,,,,,
Uganda,Trade Freedom,75.4,,,,,,,,,,,,,,,,,,,,,,,,
Ukraine,Trade Freedom,75,,,,,,,,,,,,,,,,,,,,,,,,
United Arab Emirates,Trade Freedom,84.4,,,,,,,,,,,,,,,,,,,,,,,,
United Kingdom,Trade Freedom,86,,,,,,,,,,,,,,,,,,,,,,,,
United States,Trade Freedom,86.6,,,,,,,,,,,,,,,,,,,,,,,,
Uruguay,Trade Freedom,78.6,,,,,,,,,,,,,,,,,,,,,,,,
Uzbekistan,Trade Freedom,62.6,,,,,,,,,,,,,,,,,,,,,,,,
Vanuatu,Trade Freedom,64.4,,,,,,,,,,,,,,,,,,,,,,,,
Venezuela,Trade Freedom,60,,,,,,,,,,,,,,,,,,,,,,,,
Vietnam,Trade Freedom,79.2,,,,,,,,,,,,,,,,,,,,,,,,
Yemen,Trade Freedom,71.4,,,,,,,,,,,,,,,,,,,,,,,,
Zambia,Trade Freedom,72.6,,,,,,,,,,,,,,,,,,,,,,,,
Zimbabwe,Trade Freedom,70,,,,,,,,,,,,,,,,,,,,,,,,
Kosovo,Trade Freedom,70.8,,,,,,,,,,,,,,,,,,,,,,,,
Brunei Darussalam,Trade Freedom,84,,,,,,,,,,,,,,,,,,,,,,,,
